threshold,exit_1_ratio,exit_2_ratio,overall_accuracy,exit_1_accuracy_forced,exit_2_accuracy_forced,exit_1_time_ms_per_sample,exit_2_time_ms_per_sample
0.5,0.9836,0.0164,0.9541,0.95,0.9664,0.010797036716780894,0.013397058593511701
0.7,0.9366,0.0634,0.9624,0.95,0.9664,0.010797036716780894,0.013397058593511701
0.8,0.9043,0.0957,0.9657,0.95,0.9664,0.010797036716780894,0.013397058593511701
0.9,0.8478,0.1522,0.9659,0.95,0.9664,0.010797036716780894,0.013397058593511701
0.95,0.7874,0.2126,0.9665,0.95,0.9664,0.010797036716780894,0.013397058593511701
0.99,0.597,0.403,0.9663,0.95,0.9664,0.010797036716780894,0.013397058593511701
